id,net,name,status_id,launch_service_provider_id,rocket_id,mission_id,pad_id
58e080d1-90cd-42ac-8152-9f56fc580f8d,2024-12-31T05:39:10Z,Falcon 9 Block 5 | Starlink Group 12-6,3,121,8452,7041,87
33bf462e-796f-441c-bc36-206ba52bb90e,2024-12-29T05:00:00Z,Falcon 9 Block 5 | Astranis: From One to Many (4x Astranis MicroGEO),3,121,7561,5986,80
eea43b3f-eddc-437a-ada5-8e23286f1eef,2024-12-29T01:58:30Z,Falcon 9 Block 5 | Starlink Group 11-3,3,121,8447,7036,16
9ba9d2de-f94b-4cca-b395-ee83b4b46b28,2024-12-23T05:35:30Z,Falcon 9 Block 5 | Starlink Group 12-2,3,121,8444,7033,87
50a1337c-db6f-4bf4-b7b0-919c9fca906e,2024-12-21T11:34:24Z,Falcon 9 Block 5 | Bandwagon 2 (Dedicated Mid-Inclination Rideshare),3,121,7986,6512,16
8ee42a39-0851-4674-9815-95b62e9a2c4b,2024-12-17T22:26:00Z,Falcon 9 Block 5 | O3b mPower 7 & 8,3,121,7577,6157,87
a889a7d1-844f-40c5-adcc-4bc54f43a51d,2024-12-17T13:19:00Z,Falcon 9 Block 5 | NROL-149,3,121,8436,7025,16
99570ecf-f7e4-40ec-b84a-5758425a6d99,2024-12-17T00:52:00Z,Falcon 9 Block 5 | GPS III SV07 (RRT-1),3,121,8076,6629,80
c0da2601-59db-4529-bb05-b3908e964890,2024-12-13T21:55:40Z,Falcon 9 Block 5 | Starlink Group 11-2,3,121,8435,7024,16
d1b5f507-66a9-450a-86ac-b7b86c34eee4,2024-12-08T05:12:30Z,Falcon 9 Block 5 | Starlink Group 12-5,3,121,8440,7029,80
ae15ed89-63fa-4256-8b71-cb3c30e23e31,2024-12-05T16:10:00Z,Falcon 9 Block 5 | Sirius SXM-9,3,121,8289,6870,87
a757f8b0-4e5c-4223-bc27-361a8206a3bf,2024-12-05T03:05:00Z,Falcon 9 Block 5 | Starlink Group 9-14,3,121,8422,7011,16
f50d89cf-7c9a-4b7e-bc6e-f7e59950995d,2024-12-04T10:13:10Z,Falcon 9 Block 5 | Starlink Group 6-70,3,121,8432,7021,80
fed1b36f-965c-46ac-bb4d-8154930c4492,2024-11-30T08:10:00Z,Falcon 9 Block 5 | NROL-126,3,121,8421,7010,16
7beb2fcf-acb3-4cf1-b31b-f2655416d1ed,2024-11-30T05:00:00Z,Falcon 9 Block 5 | Starlink Group 6-65,3,121,8420,7009,80
ffc148dc-76cc-4c5e-95b6-c2c78d6f0ba6,2024-11-27T04:41:30Z,Falcon 9 Block 5 | Starlink Group 6-76,3,121,8417,7006,87
0e6efb5d-045a-4f4c-a79a-f6889f1cc960,2024-11-25T10:02:20Z,Falcon 9 Block 5 | Starlink Group 12-1,3,121,8414,7003,80
f2e861e9-f956-4bad-8318-3d669ba5aedb,2024-11-24T05:25:30Z,Falcon 9 Block 5 | Starlink Group 9-13,3,121,8367,6948,16
168b41aa-14bd-4001-a47d-bfe69c4c20e6,2024-11-21T16:07:50Z,Falcon 9 Block 5 | Starlink Group 6-66,3,121,8404,6991,80
da9a0172-062c-4b29-81d8-acf777d3777f,2024-11-19T22:00:00Z,Starship | Integrated Flight Test 6,3,121,8378,6959,188
a0809bf8-a2f2-48e1-92da-1d8c21180e25,2024-11-18T18:31:00Z,Falcon 9 Block 5 | GSAT-20 (GSAT-N2),3,121,2586,310,80
eddda4b4-c9af-4383-a97e-17372a0f39fc,2024-11-18T05:53:30Z,Falcon 9 Block 5 | Starlink Group 9-12,3,121,8405,6992,16
4509981c-8f3f-41aa-8235-d08f5c79c6c0,2024-11-17T22:28:00Z,Falcon 9 Block 5 | Optus-X/TD7,3,121,8403,6989,87
aa398317-710b-460b-837f-7fbb7f00ccfa,2024-11-14T13:21:00Z,Falcon 9 Block 5 | Starlink Group 6-68,3,121,8401,6987,80
32727766-26b9-41b1-bdc4-1e7241806c92,2024-11-14T05:23:00Z,Falcon 9 Block 5 | Starlink Group 9-11,3,121,8402,6988,16
ce986507-bfc1-43fb-953d-3f30e7c5f48f,2024-11-11T21:28:00Z,Falcon 9 Block 5 | Starlink Group 6-69,3,121,8397,6982,80
a9fa3ed5-4988-4a72-b262-454e7b03ab50,2024-11-11T17:22:00Z,Falcon 9 Block 5 | Koreasat 6A,3,121,8058,6611,87
be86d592-5eb7-4565-ac7b-02de845d838e,2024-11-09T06:14:00Z,Falcon 9 Block 5 | Starlink Group 9-10,3,121,8396,6981,16
507a6df7-1c52-464a-a003-19aad7f6113e,2024-11-07T20:19:00Z,Falcon 9 Block 5 | Starlink Group 6-77,3,121,8394,6979,80
f97bce95-052e-4fa9-80e8-dbedf16bc516,2024-11-05T02:29:31Z,Falcon 9 Block 5 | Dragon CRS-2 SpX-31,3,121,7744,6262,87
48284305-279a-4118-9ae4-e2139db038b4,2024-10-30T21:10:00Z,Falcon 9 Block 5 | Starlink Group 10-13,3,121,8393,6978,80
eed1132a-d5aa-4c9c-bc38-c8ccb98829b6,2024-10-30T12:07:00Z,Falcon 9 Block 5 | Starlink Group 9-9,3,121,8392,6977,16
d20c9252-f257-48a8-8d95-443188267c57,2024-10-26T21:47:00Z,Falcon 9 Block 5 | Starlink Group 10-8,3,121,8391,6972,80
9048f0e1-c1b7-40f1-9555-c021b0b94283,2024-10-24T17:14:00Z,Falcon 9 Block 5 | NROL-167,3,121,8389,6970,16
beb6bfff-c584-42d9-9fea-e3e82a5fd32a,2024-10-23T21:47:00Z,Falcon 9 Block 5 | Starlink Group 6-61,3,121,8365,6946,80
525ed290-dd97-4187-9118-d71f0b8285be,2024-10-20T05:13:00Z,Falcon 9 Block 5 | OneWeb 20,3,121,8309,6890,16
5f9fa9b2-e6f4-4e68-b4c8-2b1586cc5fba,2024-10-18T23:31:00Z,Falcon 9 Block 5 | Starlink Group 8-19,3,121,8373,6954,80
e2a88842-5e57-468a-b151-92324df9c17e,2024-10-15T08:21:00Z,Falcon 9 Block 5 | Starlink Group 9-7,3,121,8374,6955,16
9d576892-dcf0-472b-92d1-37053ff549ab,2024-10-15T06:10:00Z,Falcon 9 Block 5 | Starlink Group 10-10,3,121,8363,6944,80
59548105-347d-4477-8747-7fc3f91016c5,2024-10-14T16:06:00Z,Falcon Heavy | Europa Clipper,3,121,2663,1087,87
83ba001e-9bca-48ac-84cb-ccea96bfe9c1,2024-10-13T12:25:00Z,Starship | Integrated Flight Test 5,3,121,8261,6842,188
e1ffdd01-c146-44d0-a250-b845dc2eb20d,2024-10-07T14:52:11Z,Falcon 9 Block 5 | Hera,3,121,7689,6496,80
0102940a-4a60-4686-b34d-ced3fed6c595,2024-09-28T17:17:21Z,Falcon 9 Block 5 | Crew-9,3,121,7538,5962,80
f97e9181-c9cd-4e68-9c19-68ddb5e80763,2024-09-25T04:01:20Z,Falcon 9 Block 5 | Starlink Group 9-8,3,121,8357,6938,16
facd46c6-5197-4c27-939a-2b6b3f08d39d,2024-09-20T13:50:00Z,Falcon 9 Block 5 | Starlink Group 9-17,3,121,8319,6900,16
b9c44ac9-e201-4042-9f08-bd517cd2e6a5,2024-09-17T22:50:49Z,Falcon 9 Block 5 | Galileo L13 (FOC FM26 & FM32),3,121,7508,5917,80
f53462c6-7e3a-41a9-b5a4-d884582ef0fa,2024-09-13T01:45:00Z,Falcon 9 Block 5 | Starlink Group 9-6,3,121,8316,6897,16
11f32024-8382-4b7a-9f75-c211820b9e2d,2024-09-12T08:52:00Z,Falcon 9 Block 5 | BlueBird Block 1,3,121,7629,6128,80
b69cfada-3320-4331-89e1-aaa8b49e6a9c,2024-09-10T09:23:49Z,Falcon 9 Block 5 | Polaris Dawn,3,121,7534,5954,87
e8c62aa0-6bef-48ac-8ef6-b8589479c6be,2024-09-06T03:20:00Z,Falcon 9 Block 5 | NROL-113,3,121,8307,6888,16
46ddb5ee-30ac-4d70-9cbe-0342b253ee6c,2024-09-05T15:33:00Z,Falcon 9 Block 5 | Starlink Group 8-11,3,121,8315,6896,80
1bf11245-99d7-4178-8bf8-408730e21b36,2024-08-31T08:48:00Z,Falcon 9 Block 5 | Starlink Group 9-5,3,121,8211,6783,16
95bff87b-38c6-4db0-8b2f-e3952c95f383,2024-08-31T07:43:00Z,Falcon 9 Block 5 | Starlink Group 8-10,3,121,8210,6782,80
1da9d898-e591-444b-84bf-4bb949b81c62,2024-08-28T07:48:00Z,Falcon 9 Block 5 | Starlink Group 8-6,3,121,8294,6875,80
1458b11c-c0ed-4486-9d51-5b574db36f71,2024-08-20T13:20:00Z,Falcon 9 Block 5 | Starlink Group 10-5,3,121,8212,6784,80
d61c53c4-669a-44cd-a905-cea38e8e21d6,2024-08-16T18:56:00Z,Falcon 9 Block 5 | Transporter 11 (Dedicated SSO Rideshare),3,121,7853,6361,16
3ecc1d59-470f-49a3-9508-35f0b6797454,2024-08-15T13:00:00Z,Falcon 9 Block 5 | WorldView Legion 3 & 4,3,121,7546,5973,80
34aa9340-c97e-4609-a872-e2adc8d9de13,2024-08-12T10:37:00Z,Falcon 9 Block 5 | Starlink Group 10-7,3,121,8219,6793,87
670b2644-8952-484d-a402-8a75b7f907ae,2024-08-12T02:02:00Z,Falcon 9 Block 5 | Arctic Satellite Broadband Mission (ASBM),3,121,7604,6092,16
c34d9c5e-c11a-4066-84d9-d026ceaafcf3,2024-08-10T12:50:00Z,Falcon 9 Block 5 | Starlink Group 8-3,3,121,8199,6770,80
59426ed2-57ff-4f61-8f62-9794b6dbb9ad,2024-08-04T15:02:53Z,Falcon 9 Block 5 | Cygnus CRS-2 NG-21 (S.S. Francis R. “Dick” Scobee),3,121,7750,6268,80
86139b24-aed8-47b0-a385-5ed28cca6409,2024-08-04T07:24:00Z,Falcon 9 Block 5 | Starlink Group 11-1,3,121,8213,6785,16
172111f8-35c3-413e-9f6e-06676a462895,2024-08-02T05:01:00Z,Falcon 9 Block 5 | Starlink Group 10-6,3,121,8220,6794,87
2aa76cd0-b1e0-4826-827e-1e69d1cc387d,2024-07-28T09:22:00Z,Falcon 9 Block 5 | Starlink Group 9-4,3,121,8214,6786,16
a059955d-baf8-436d-9a2f-e4746be5a636,2024-07-28T05:09:00Z,Falcon 9 Block 5 | Starlink Group 10-4,3,121,8200,6771,80
0f63b33d-1a83-4eb2-8c2e-d4157bf71230,2024-07-27T05:45:00Z,Falcon 9 Block 5 | Starlink Group 10-9,3,121,8227,6804,87
9ddacbab-cb89-4fb1-85c8-56b4222af744,2024-07-12T02:35:00Z,Falcon 9 Block 5 | Starlink Group 9-3,4,121,8215,6787,16
ae5db3d2-1162-41b3-8f19-697150f483a3,2024-07-08T23:30:00Z,Falcon 9 Block 5 | Türksat 6A,3,121,7455,5853,80
37d99477-d60a-486a-9fa0-3c533fe19fd9,2024-07-03T08:55:00Z,Falcon 9 Block 5 | Starlink Group 8-9,3,121,8201,6772,80
bc2c6103-a426-41e0-875d-700dc92dc131,2024-06-29T03:14:00Z,Falcon 9 Block 5 | NROL-186,3,121,8274,6855,16
89961315-355e-469d-af7a-b447ea70bce9,2024-06-27T11:14:00Z,Falcon 9 Block 5 | Starlink Group 10-3,3,121,8203,6774,80
ad53f165-a118-43a6-ad46-6021accdaabd,2024-06-25T21:26:00Z,Falcon Heavy | GOES-U,3,121,7449,5841,87
53b0220d-25b1-47d7-9d68-956063c54d86,2024-06-24T03:47:00Z,Falcon 9 Block 5 | Starlink Group 9-2,3,121,8195,6764,16
63a205d7-ea27-4fd0-9fb7-f09f744433a3,2024-06-23T17:15:00Z,Falcon 9 Block 5 | Starlink Group 10-2,3,121,8259,6840,80
e59f9e0b-fed2-4b12-a21b-ceda262bca5e,2024-06-20T21:35:00Z,Falcon 9 Block 5 | Astra 1P/SES-24,3,121,8057,6610,80
86600b01-7621-4106-9ae1-d7510328c29a,2024-06-19T03:40:00Z,Falcon 9 Block 5 | Starlink Group 9-1,3,121,8260,6841,16
32f98a5d-b605-4e18-9b92-9dbd59f0681f,2024-06-08T12:58:00Z,Falcon 9 Block 5 | Starlink Group 8-8,3,121,8255,6836,16
cdc8274b-932e-48d6-9e8d-691969da4ad0,2024-06-08T01:56:00Z,Falcon 9 Block 5 | Starlink Group 10-1,3,121,8256,6837,80
2b1b756f-7207-4781-a874-aed61b38463d,2024-06-06T12:50:00Z,Starship | Integrated Flight Test 4,3,121,8221,6798,188
587cba9a-2a6c-46c9-9b06-630a1bf86fe3,2024-06-05T02:16:00Z,Falcon 9 Block 5 | Starlink Group 8-5,3,121,8202,6773,80
cefe475a-fe70-4e46-9075-9c44c856975b,2024-06-01T02:37:00Z,Falcon 9 Block 5 | Starlink Group 6-64,3,121,8253,6834,80
c98dabc0-2391-48bd-aad7-02bfb1795ec3,2024-05-28T22:20:10Z,Falcon 9 Block 5 | EarthCARE,3,121,112,1053,16
345131f6-a96a-45e0-9b83-f11aeec8bab6,2024-05-28T14:24:00Z,Falcon 9 Block 5 | Starlink Group 6-60,3,121,8250,6831,80
d51da9b0-7251-4345-9708-934ba4c23c78,2024-05-24T02:45:00Z,Falcon 9 Block 5 | Starlink Group 6-63,3,121,8248,6829,87
1e84545e-add0-42be-bcd2-c78eb2d982e5,2024-05-23T02:35:00Z,Falcon 9 Block 5 | Starlink Group 6-62,3,121,8245,6826,80
bcab98e3-3650-4733-9d32-47d5870a2151,2024-05-22T08:00:00Z,Falcon 9 Block 5 | NROL-146,3,121,8232,6809,16
791ef5c4-d0f1-4a35-b362-f87aef03621d,2024-05-18T00:32:00Z,Falcon 9 Block 5 | Starlink Group 6-59,3,121,8243,6824,80
63bb93ea-d77a-4b7e-aca7-325b514e270d,2024-05-14T18:39:00Z,Falcon 9 Block 5 | Starlink Group 8-7,3,121,8242,6823,16
67152d83-c689-4cff-8330-b42c166049c9,2024-05-13T00:53:00Z,Falcon 9 Block 5 | Starlink Group 6-58,3,121,8240,6821,80
b7767100-2fd3-4df6-9f23-cd6817f9972e,2024-05-10T04:30:00Z,Falcon 9 Block 5 | Starlink Group 8-2,3,121,8194,6763,16
37b23feb-be70-4011-bb3b-ccf4d333edd4,2024-05-08T18:42:00Z,Falcon 9 Block 5 | Starlink Group 6-56,3,121,8236,6817,87
40e91ca4-bcd3-43bd-b856-0236d4beca45,2024-05-06T18:14:00Z,Falcon 9 Block 5 | Starlink Group 6-57,3,121,8237,6818,80
638eca04-7e89-4254-8770-4ae1da538004,2024-05-03T02:37:00Z,Falcon 9 Block 5 | Starlink Group 6-55,3,121,8234,6811,80
629f10e4-93cc-4b1b-9b2f-53f7d3944fc1,2024-05-02T18:36:00Z,Falcon 9 Block 5 | WorldView Legion 1 & 2,3,121,172,5930,16
242a5669-7d52-4cab-8a03-72af4aa08f12,2024-04-28T22:08:00Z,Falcon 9 Block 5 | Starlink Group 6-54,3,121,8233,6810,80
974b4774-cda7-4373-abfc-40c1a1859cba,2024-04-28T00:34:00Z,Falcon 9 Block 5 | Galileo L12 (FOC FM25 & FM27),3,121,176,5916,87
63e1a1f2-c5cd-4d73-8c16-302f9d8ad72f,2024-04-23T22:17:00Z,Falcon 9 Block 5 | Starlink Group 6-53,3,121,8225,6802,80
b1098e0e-35c3-4cda-b0ec-01c70b0114e1,2024-04-18T22:40:00Z,Falcon 9 Block 5 | Starlink Group 6-52,3,121,8224,6801,80
c42e2d5f-f869-44d2-9f70-77d6e8d8482f,2024-04-17T21:26:00Z,Falcon 9 Block 5 | Starlink Group 6-51,3,121,8164,6731,87
08508c47-42ea-44c8-9da6-9e2e21742994,2024-04-13T01:40:00Z,Falcon 9 Block 5 | Starlink Group 6-49,3,121,8217,6789,80
a2e723fe-c893-4eaa-9dd3-63533a703091,2024-04-11T14:25:00Z,Falcon 9 Block 5 | USSF-62,3,121,7588,6030,16
706b81df-c365-4a6d-89f0-c52126dc91e1,2024-04-10T05:40:00Z,Falcon 9 Block 5 | Starlink Group 6-48,3,121,8216,6788,80
c6344720-1266-4697-90ab-943a6f1760a5,2024-04-07T23:16:57Z,Falcon 9 Block 5 | Bandwagon 1 (Dedicated Mid-Inclination Rideshare),3,121,7985,6511,87
b76b836f-8e88-4bc3-a3bc-36bb8ee4bb3c,2024-04-07T02:25:00Z,Falcon 9 Block 5 | Starlink Group 8-1,3,121,8001,6531,16
d90ac995-1d5d-48d6-8339-7ab42c567449,2024-04-05T09:12:00Z,Falcon 9 Block 5 | Starlink Group 6-47,3,121,8192,6761,80
8bb37c47-eefc-4a37-80c5-03b760cc99fc,2024-04-02T02:30:00Z,Falcon 9 Block 5 | Starlink Group 7-18,3,121,8209,6781,16
3f61f099-5176-49f2-8e77-41c02ce80e5a,2024-03-31T01:30:00Z,Falcon 9 Block 5 | Starlink Group 6-45,3,121,8190,6759,80
ba739b7f-9bdd-487c-9742-d76182af49f8,2024-03-30T21:52:00Z,Falcon 9 Block 5 | Eutelsat 36D,3,121,8205,6776,87
5acc8f72-bde2-4466-b64e-f580bc71ae2f,2024-03-25T23:42:00Z,Falcon 9 Block 5 | Starlink Group 6-46,3,121,8191,6760,80
e7b297d1-3312-4264-b802-f9d6ea11b3b2,2024-03-24T03:09:00Z,Falcon 9 Block 5 | Starlink Group 6-42,3,121,7946,6455,87
604e4aa8-73f8-4f1c-bf4c-5a130625cac7,2024-03-21T20:55:09Z,Falcon 9 Block 5 | Dragon CRS-2 SpX-30,3,121,7743,6261,80
2323baef-19f9-45fc-bc3d-3d34f7821f82,2024-03-19T02:28:00Z,Falcon 9 Block 5 | Starlink Group 7-16,3,121,8162,6723,16
827fac66-147f-4afc-9489-1b1d736ee989,2024-03-16T00:21:00Z,Falcon 9 Block 5 | Starlink Group 6-44,3,121,8189,6758,87
c0d90c60-4961-470a-a6d7-804b3bf4b012,2024-03-14T13:25:00Z,Starship | Integrated Flight Test 3,3,121,8098,6655,188
8b703f3e-2758-466b-a899-7c1b463c2f31,2024-03-11T04:09:00Z,Falcon 9 Block 5 | Starlink Group 7-17,3,121,8163,6724,16
ed3aa4cd-ebd2-4871-a541-968a1b08afb1,2024-03-10T23:05:00Z,Falcon 9 Block 5 | Starlink Group 6-43,3,121,8172,6739,80
42b2c850-ecee-4ec9-8496-cc304f4353f5,2024-03-04T23:56:00Z,Falcon 9 Block 5 | Starlink Group 6-41,3,121,8169,6736,80
2f10c861-8c07-4af1-8873-cdba6d2566ba,2024-03-04T22:05:00Z,Falcon 9 Block 5 | Transporter 10 (Dedicated SSO Rideshare),3,121,7832,6337,16
2f101902-03dd-4b23-8546-d25ea514b36f,2024-03-04T03:53:38Z,Falcon 9 Block 5 | Crew-8,3,121,7537,5961,87
a9388d6a-a9cb-440c-8dc8-647a77833fe1,2024-02-29T15:30:00Z,Falcon 9 Block 5 | Starlink Group 6-40,3,121,8168,6735,80
0c61bd06-0bd9-40a8-8be3-1d46368ae094,2024-02-25T22:06:00Z,Falcon 9 Block 5 | Starlink Group 6-39,3,121,8149,6710,80
43edc89d-bba0-49ce-85d3-be350104a29c,2024-02-23T04:11:50Z,Falcon 9 Block 5 | Starlink Group 7-15,3,121,8161,6722,16
ffd29f94-06b4-49f7-b5f9-b21a928e6eaa,2024-02-20T20:11:00Z,Falcon 9 Block 5 | HTS-113BT (Merah Putih 2),3,121,8081,6634,80
9603b3c2-da94-41c6-8012-30e990fdc999,2024-02-15T21:34:30Z,Falcon 9 Block 5 | Starlink Group 7-14,3,121,8160,6721,16
942a1814-c237-41de-9970-d27bb9630f3b,2024-02-15T06:05:37Z,Falcon 9 Block 5 | Nova-C IM-1,3,121,2561,5851,87
d8fead19-b792-4e77-8c93-03a953958005,2024-02-14T22:30:00Z,Falcon 9 Block 5 | USSF-124,3,121,7587,6029,80
3fe9e0be-183a-4e14-8193-516219fb37e4,2024-02-10T00:34:00Z,Falcon 9 Block 5 | Starlink Group 7-13,3,121,8048,6596,16
549f26ed-a5f7-49fb-97a7-fb2ffa26e3e8,2024-02-08T06:33:36Z,"Falcon 9 Block 5 | PACE (Plankton, Aerosol, Cloud, ocean Ecosystem)",3,121,2662,1086,80
665678b9-8b91-45de-9e9c-5063622bcca1,2024-01-30T17:07:21Z,Falcon 9 Block 5 | Cygnus CRS-2 NG-20 (S.S. Patricia “Patty” Hilliard Robertson),3,121,7749,6267,80
20f597cc-eb98-4c7d-b137-87e048493c3e,2024-01-29T05:57:20Z,Falcon 9 Block 5 | Starlink Group 7-12,3,121,8047,6595,16
378bd440-63df-48a6-97f7-c528a9a1968c,2024-01-29T01:10:00Z,Falcon 9 Block 5 | Starlink Group 6-38,3,121,7945,6454,87
f8f2a91e-0d76-46f0-9110-8c45d85fab86,2024-01-24T00:35:00Z,Falcon 9 Block 5 | Starlink Group 7-11,3,121,8046,6594,16
da48063e-b50f-4602-adab-ad7331ee6d82,2024-01-18T21:49:11Z,Falcon 9 Block 5 | Axiom Space Mission 3,3,121,2951,1368,87
839c1427-45db-4b88-ae41-bb666c1dd097,2024-01-15T01:52:00Z,Falcon 9 Block 5 | Starlink Group 6-37,3,121,7944,6453,80
429277e6-dc65-4166-a556-44edc39d71ea,2024-01-14T08:59:30Z,Falcon 9 Block 5 | Starlink Group 7-10,3,121,8045,6593,16
60634a63-633d-42b3-b87e-710e7e0d4282,2024-01-07T22:35:40Z,Falcon 9 Block 5 | Starlink Group 6-35,3,121,8037,6582,80
1d374bef-0e4e-4b3f-b45b-25c14aaa2b0e,2024-01-03T23:04:00Z,Falcon 9 Block 5 | Ovzon-3,3,121,7774,6292,80
161dbc75-e973-44f7-a346-6254aec99900,2024-01-03T03:44:20Z,Falcon 9 Block 5 | Starlink Group 7-9,3,121,8032,6564,16
d92ecdac-af22-411c-8fc8-1d4b2578cfff,2023-12-29T04:01:40Z,Falcon 9 Block 5 | Starlink Group 6-36,3,121,8091,6645,80
0098c032-73de-4c6f-8d73-5d68b9a12fdf,2023-12-29T01:07:00Z,Falcon Heavy | OTV-7 (X-37B) (USSF-52),3,121,162,6447,87
dff32800-585f-443f-b82b-4fdc4a3fddb4,2023-12-24T13:11:00Z,Falcon 9 Block 5 | SARah 2 & 3,3,121,7605,6093,16
3a88fa72-ad1d-4174-99c4-926596354b2a,2023-12-23T05:33:00Z,Falcon 9 Block 5 | Starlink Group 6-32,3,121,8034,6579,80
7e34bf07-7031-4dd7-844f-7067107489a3,2023-12-19T04:01:00Z,Falcon 9 Block 5 | Starlink Group 6-34,3,121,8036,6581,80
2008dbb3-a1ce-4677-ad95-abaf9773a7cf,2023-12-08T08:03:40Z,Falcon 9 Block 5 | Starlink Group 7-8,3,121,7976,6498,16
b666d809-7a76-4b4d-98bd-6c471cd7e4a8,2023-12-07T05:07:30Z,Falcon 9 Block 5 | Starlink Group 6-33,3,121,8035,6580,80
8cf1015d-3fe5-40c4-8436-2f79c1f3ff2e,2023-12-03T04:00:50Z,Falcon 9 Block 5 | Starlink Group 6-31,3,121,7970,6487,80
fd2a9c7e-7cad-45d1-94db-3b6bb3bfadb2,2023-12-01T18:19:00Z,Falcon 9 Block 5 | 425 Project Flight 1 & rideshare,3,121,8085,6639,16
7bf22b01-938a-4b64-ad1e-d3f372f78a34,2023-11-28T04:20:00Z,Falcon 9 Block 5 | Starlink Group 6-30,3,121,7969,6486,80
fe91ad95-fd2a-4a13-a7d1-842624ec6be3,2023-11-22T07:47:40Z,Falcon 9 Block 5 | Starlink Group 6-29,3,121,7968,6485,80
a6e6b618-51f7-41ba-a8d3-0d375ba4530a,2023-11-20T10:30:40Z,Falcon 9 Block 5 | Starlink Group 7-7,3,121,7960,6476,16
04b91bb8-38a7-4868-b025-4bbe05d1fbfe,2023-11-18T13:02:50Z,Starship | Integrated Flight Test 2,7,121,7877,6385,188
dc5c0513-9c1e-416d-8675-6e83187a4c07,2023-11-18T05:05:50Z,Falcon 9 Block 5 | Starlink Group 6-28,3,121,7967,6484,80
0be2e9d6-50d5-49dc-b56c-a919b7e0dfd8,2023-11-12T21:08:00Z,Falcon 9 Block 5 | O3b mPower 5 & 6,3,121,7552,6156,80
a4a7fa7f-f3d9-467e-ac58-6e577155a969,2023-11-11T18:49:00Z,Falcon 9 Block 5 | Transporter 9 (Dedicated SSO Rideshare),3,121,7528,5947,16
63076c5e-d16c-4f16-a6ac-2709fd5fab01,2023-11-10T01:28:14Z,Falcon 9 Block 5 | Dragon CRS-2 SpX-29,3,121,7461,5859,87
6159729f-70fd-4817-9223-b250dca18f5f,2023-11-08T05:05:30Z,Falcon 9 Block 5 | Starlink Group 6-27,3,121,7943,6452,80
48f71d70-4df8-4b8d-a3c5-8b5f08ab9858,2023-11-04T00:37:20Z,Falcon 9 Block 5 | Starlink Group 6-26,3,121,7965,6482,80
ec6b5681-566f-465e-a164-97cfe48b6172,2023-10-30T23:20:30Z,Falcon 9 Block 5 | Starlink Group 6-25,3,121,7964,6481,80
9bfd7559-da1a-4286-baf8-e2342d55ef52,2023-10-29T09:00:00Z,Falcon 9 Block 5 | Starlink Group 7-6,3,121,7953,6469,16
b46768df-d372-489f-9419-ff4f0057e025,2023-10-22T02:17:00Z,Falcon 9 Block 5 | Starlink Group 6-24,3,121,7963,6480,80
327a3fa6-8144-4e4a-8398-709ddfac7291,2023-10-21T08:23:00Z,Falcon 9 Block 5 | Starlink Group 7-5,3,121,7952,6468,16
396524c2-aecc-4dca-9b82-e4a3e1c01ee5,2023-10-18T00:39:00Z,Falcon 9 Block 5 | Starlink Group 6-23,3,121,7876,6384,80
2da96504-8be7-4feb-bd8f-8aed5229a342,2023-10-13T23:01:10Z,Falcon 9 Block 5 | Starlink Group 6-22,3,121,7875,6383,80
66133437-db31-4098-8e3e-cf34c8125f9b,2023-10-13T14:19:43Z,Falcon Heavy | Psyche,3,121,2691,1098,87
432bc342-753e-4efe-8e3e-bd7158274b97,2023-10-09T07:43:50Z,Falcon 9 Block 5 | Starlink Group 7-4,3,121,7951,6467,16
16c2eec5-df98-4f84-8bf1-813f5fccf3f0,2023-10-05T05:36:30Z,Falcon 9 Block 5 | Starlink Group 6-21,3,121,7962,6479,80
1c75cf8f-7097-46cc-9fe3-28c4886df4a6,2023-09-30T02:00:00Z,Falcon 9 Block 5 | Starlink Group 6-19,3,121,7961,6478,80
1da29c40-6c7d-4cda-9b3b-d2c12c78c82b,2023-09-25T08:48:20Z,Falcon 9 Block 5 | Starlink Group 7-3,3,121,7950,6466,16
1c099ba2-9b8f-4364-8ba0-0c26f7993dd5,2023-09-24T03:38:30Z,Falcon 9 Block 5 | Starlink Group 6-18,3,121,7870,6378,80
7fc31961-b46f-4a45-9b1d-3caece884f61,2023-09-20T03:38:10Z,Falcon 9 Block 5 | Starlink Group 6-17,3,121,7869,6377,80
470bac70-cd8c-45fd-9a54-08f8f8f05049,2023-09-16T03:38:20Z,Falcon 9 Block 5 | Starlink Group 6-16,3,121,7868,6376,80
8ab7d138-f248-450f-94a6-0e957c1b19f2,2023-09-12T06:57:50Z,Falcon 9 Block 5 | Starlink Group 7-2,3,121,7948,6464,16
4fcf9157-faa0-4d63-8853-c9454f75f864,2023-09-09T03:12:50Z,Falcon 9 Block 5 | Starlink Group 6-14,3,121,7867,6375,80
f66687a3-d1f2-427d-8fe1-0454dc1fe9bd,2023-09-04T02:47:20Z,Falcon 9 Block 5 | Starlink Group 6-12,3,121,7865,6373,87
9248a1d0-393f-469a-b9c6-19470247e6fd,2023-09-02T14:25:00Z,Falcon 9 Block 5 | SDA Tranche 0B,3,121,7730,6247,16
83dccf61-8e2a-4492-8784-d67252e0ff53,2023-09-01T02:21:50Z,Falcon 9 Block 5 | Starlink Group 6-13,3,121,7866,6374,80
87fba73c-f085-4abf-830d-fae92c599977,2023-08-27T01:05:40Z,Falcon 9 Block 5 | Starlink Group 6-11,3,121,7864,6372,80
1caacff9-837e-493b-afd4-4da54eeccdf2,2023-08-26T07:27:00Z,Falcon 9 Block 5 | Crew-7,3,121,7536,5960,87
15699687-3fb1-4749-9680-fc858e5e7081,2023-08-22T09:37:30Z,Falcon 9 Block 5 | Starlink Group 7-1,3,121,7949,6465,16
09642682-60f3-4470-a802-18788601c5a5,2023-08-17T03:36:50Z,Falcon 9 Block 5 | Starlink Group 6-10,3,121,7863,6371,80
12e9acca-5aee-4751-9083-5e205d9528c8,2023-08-11T05:17:40Z,Falcon 9 Block 5 | Starlink Group 6-9,3,121,7847,6354,80
31df6182-f50d-401b-9144-86b9d01911df,2023-08-08T03:57:00Z,Falcon 9 Block 5 | Starlink Group 6-20,3,121,7874,6382,16
ce0089c7-c61c-46a2-a9c1-10f2d6d066f0,2023-08-07T02:41:10Z,Falcon 9 Block 5 | Starlink Group 6-8,3,121,7862,6370,80
afc772a3-6ea7-4550-a4e9-35c70c22ebba,2023-08-03T05:00:00Z,Falcon 9 Block 5 | Galaxy 37,3,121,7550,5977,80
72491a20-315d-4aea-b6df-d1202930bd60,2023-07-29T03:04:00Z,Falcon Heavy | EchoStar 24/Jupiter-3,3,121,7576,6019,87
ce5f4f47-c54d-4014-84f2-17a556892420,2023-07-28T04:01:10Z,Falcon 9 Block 5 | Starlink Group 6-7,3,121,7846,6353,80
c407b340-49e6-447a-b872-8441618f0ec7,2023-07-24T00:50:30Z,Falcon 9 Block 5 | Starlink Group 6-6,3,121,7845,6352,80
9e94b0b7-d88b-4cdf-9793-acdec5850613,2023-07-20T04:09:30Z,Falcon 9 Block 5 | Starlink Group 6-15,3,121,7873,6381,16
885ceb2a-bdf3-427b-9e98-ecfbd04d4e01,2023-07-16T03:50:00Z,Falcon 9 Block 5 | Starlink Group 5-15,3,121,7871,6379,80
6f4ed2b9-918d-44e3-a8a9-cfdafc8cf8ce,2023-07-10T03:58:50Z,Falcon 9 Block 5 | Starlink Group 6-5,3,121,7844,6351,80
5d3e11d7-5d13-4c8c-b94a-c73da97c39a5,2023-07-07T19:29:50Z,Falcon 9 Block 5 | Starlink Group 5-13,3,121,7872,6380,16
49d20d1b-18dd-4da6-a061-eacd0156fcc4,2023-07-01T15:12:00Z,Falcon 9 Block 5 | Euclid,3,121,129,6394,80
168f4cf5-35e9-4e4c-90c3-61f1dcd6975e,2023-06-23T15:35:10Z,Falcon 9 Block 5 | Starlink Group 5-12,3,121,7861,6369,80
4250862e-5e59-465c-90ac-262e85db6086,2023-06-22T07:19:00Z,Falcon 9 Block 5 | Starlink Group 5-7,3,121,7843,6350,16
76e42f7b-6690-41be-95c1-811aab0ccf32,2023-06-18T22:21:00Z,Falcon 9 Block 5 | Satria-1,3,121,7696,6212,80
1e0c3a19-02a8-481b-9b7e-1392327c1826,2023-06-12T21:35:00Z,Falcon 9 Block 5 | Transporter 8 (Dedicated SSO Rideshare),3,121,7527,5946,16
5eba4955-6292-4a62-bc07-07443ff4baaa,2023-06-12T07:10:50Z,Falcon 9 Block 5 | Starlink Group 5-11,3,121,7842,6349,80
e53eecd6-184d-440a-955a-70fe0fdccbd6,2023-06-05T15:47:00Z,Falcon 9 Block 5 | Dragon CRS-2 SpX-28,3,121,7460,5858,87
066250e1-a3fe-4483-88d7-8b80c7251a5f,2023-06-04T12:20:00Z,Falcon 9 Block 5 | Starlink Group 6-4,3,121,7841,6348,80
5fa79e26-9ada-4a81-9735-c0b0a96a157a,2023-05-31T06:02:30Z,Falcon 9 Block 5 | Starlink Group 2-10,3,121,7782,6300,16
d5a80dcc-105b-445f-a8c4-394d7c7825ed,2023-05-27T04:30:00Z,Falcon 9 Block 5 | BADR-8,3,121,7697,6213,80
0297d3dc-0513-450a-babc-6f3da8e8c181,2023-05-21T21:37:00Z,Falcon 9 Block 5 | Axiom Space Mission 2,3,121,2950,1367,87
6d55d3cf-5c95-4c23-8c5e-1da44fbe299d,2023-05-20T13:16:33Z,Falcon 9 Block 5 | Iridium-9 & OneWeb 19,3,121,7638,6139,16
0962fe02-4a3d-4131-8bc5-ee7bd2bc97fa,2023-05-19T06:19:30Z,Falcon 9 Block 5 | Starlink Group 6-3,3,121,7775,6293,80
f5a3eb4c-9eb5-4e28-acfb-7903a9e11371,2023-05-14T05:03:50Z,Falcon 9 Block 5 | Starlink Group 5-9,3,121,7838,6342,80
84dd42a7-765d-404c-bf12-a81eeb0f2e32,2023-05-10T20:09:00Z,Falcon 9 Block 5 | Starlink Group 2-9,3,121,7813,6319,16
16e0f780-7d6d-46bc-a0d4-cb23368e3501,2023-05-04T07:31:00Z,Falcon 9 Block 5 | Starlink Group 5-6,3,121,7695,6211,80
8b1067dd-81c6-4bc3-b0f1-45f78963716f,2023-05-01T00:26:00Z,Falcon Heavy | ViaSat-3 Americas & Others,3,121,2142,699,87
ff9b6a09-2b5a-4ca3-934e-c86db21b7a1b,2023-04-28T22:12:00Z,Falcon 9 Block 5 | O3b mPower 3 & 4,3,121,2551,6159,80
bb327f29-b9c0-4b07-98a5-0493ab351875,2023-04-27T13:40:50Z,Falcon 9 Block 5 | Starlink Group 3-5,3,121,7776,6294,16
e32d375f-0d6e-4e54-b4f2-2b49db657fca,2023-04-20T13:33:00Z,Starship | Integrated Flight Test,4,121,2881,1297,188
8e4e1804-6ba8-486b-bbbb-e4d9f15c3376,2023-04-19T14:31:10Z,Falcon 9 Block 5 | Starlink Group 6-2,3,121,7779,6297,80
d8bd2b25-129b-4ab7-95d9-fb8ad1fdd73e,2023-04-15T06:48:00Z,Falcon 9 Block 5 | Transporter 7 (Dedicated SSO Rideshare),3,121,7526,5945,16
89931acb-0ffe-42b6-8f59-e339d17a1d77,2023-04-07T04:30:00Z,Falcon 9 Block 5 | Intelsat 40e,3,121,2695,6305,80
0705d82e-11b4-4e78-9075-457987f9f32f,2023-04-02T14:29:00Z,Falcon 9 Block 5 | SDA Tranche 0A,3,121,7558,6166,16
324cb054-c704-4c65-83af-2d5221d5e82a,2023-03-29T20:01:00Z,Falcon 9 Block 5 | Starlink Group 5-10,3,121,7777,6295,80
393eb981-7952-44e5-bfbb-59410db0ef94,2023-03-24T15:43:10Z,Falcon 9 Block 5 | Starlink Group 5-5,3,121,7778,6296,80
bd1d5c2b-5a73-4557-9b92-c16b916c8bbd,2023-03-17T23:38:00Z,Falcon 9 Block 5 | SES-18 & SES-19,3,121,2739,1138,80
4470fe15-bd51-408b-9d58-283891f97344,2023-03-17T19:26:40Z,Falcon 9 Block 5 | Starlink Group 2-8,3,121,7780,6298,16
9a0216fd-811b-4e20-be0a-98e6c54859e4,2023-03-15T00:30:42Z,Falcon 9 Block 5 | Dragon CRS-2 SpX-27,3,121,7459,5857,87
7d6982f5-d7e3-4d10-9655-0e83999d81a6,2023-03-09T19:13:28Z,Falcon 9 Block 5 | OneWeb 17,3,121,2674,6111,80
16b81321-f53c-4323-b79d-528b1c2480d0,2023-03-03T18:38:50Z,Falcon 9 Block 5 | Starlink Group 2-7,3,121,7781,6299,16
bc325945-4bee-4412-84e1-14998b2eba5f,2023-03-02T05:34:14Z,Falcon 9 Block 5 | Crew-6,3,121,7498,5898,87
62588687-1153-4c69-8ea0-e6c5e0a9877e,2023-02-27T23:13:50Z,Falcon 9 Block 5 | Starlink Group 6-1,3,121,7736,6254,80
d6e60f3b-21d0-44f9-be02-fe0c00289b6a,2023-02-18T03:59:00Z,Falcon 9 Block 5 | Inmarsat-6 F2,3,121,7703,6221,80
ae6b4088-983b-413d-baca-11c5650167d1,2023-02-17T19:12:20Z,Falcon 9 Block 5 | Starlink Group 2-5,3,121,7738,6256,16
3bd674c9-b689-40c4-bfe2-844c71e40844,2023-02-12T05:10:10Z,Falcon 9 Block 5 | Starlink Group 5-4,3,121,7739,6257,80
59449fa1-f709-40c0-bcad-f669b3ee48b4,2023-02-07T01:32:00Z,Falcon 9 Block 5 | Amazonas Nexus,3,121,7724,6242,80
072f9f30-3114-4e90-81c7-8111d7d9ae20,2023-02-02T07:58:20Z,Falcon 9 Block 5 | Starlink Group 5-3,3,121,7734,6251,87
f5a5ba75-16c4-4f30-9262-3195a2016f44,2023-01-31T16:15:00Z,Falcon 9 Block 5 | Starlink Group 2-6 & ION SCV009,3,121,7735,6253,16
8e6946a2-43d0-4804-b3de-f937966f8425,2023-01-26T09:32:20Z,Falcon 9 Block 5 | Starlink Group 5-2,3,121,7733,6250,80
050eecbc-ebfc-4656-9fee-1dbc5e5c59a4,2023-01-19T15:43:10Z,Falcon 9 Block 5 | Starlink Group 2-4,3,121,7651,6169,16
572dbb78-06f5-47dd-be8c-593967333d81,2023-01-18T12:24:00Z,Falcon 9 Block 5 | GPS III SV06,3,121,174,6165,80
571bf2c1-59eb-4079-b785-0472324d3a2d,2023-01-15T22:56:00Z,Falcon Heavy | USSF-67,3,121,2741,1140,87
d0132d83-687d-44e5-8406-1b639a0906c9,2023-01-10T04:50:00Z,Falcon 9 Block 5 | OneWeb 16,3,121,2673,6110,80
fc0b222b-f55e-40d1-8f04-2a8885f9f075,2023-01-03T14:55:56Z,Falcon 9 Block 5 | Transporter 6 (Dedicated SSO Rideshare),3,121,7525,5944,80
fbd69a52-ede3-420f-8148-ffb251f6be94,2022-12-30T07:38:00Z,Falcon 9 Block 5 | EROS-C3,3,121,7717,6233,16
d955a829-0222-41d8-8f69-ee1d5f851b93,2022-12-28T09:34:00Z,Falcon 9 Block 5 | Starlink Group 5-1,3,121,7692,6208,80
bf91b6d9-f517-4198-843c-dc82dfa6f9b0,2022-12-17T21:32:00Z,Falcon 9 Block 5 | Starlink Group 4-37,3,121,7639,6142,87
7105c4f4-7427-4f9a-a959-a8ecedd6062b,2022-12-16T22:48:00Z,Falcon 9 Block 5 | O3b mPower 1 & 2,3,121,2550,6155,80
8226d219-b612-4797-a9d2-c5ca7ab0b076,2022-12-16T11:46:47Z,Falcon 9 Block 5 | SWOT (Surface Water and Ocean Topography),3,121,177,6160,16
2306e0bc-e1a3-4a4a-9285-e1a94073655e,2022-12-11T07:38:13Z,Falcon 9 Block 5 | Hakuto-R M1 & Lunar Flashlight,3,121,2496,6161,80
03d55128-630b-4630-b3b1-2d9bf34946a8,2022-12-08T22:27:48Z,Falcon 9 Block 5 | OneWeb 15,3,121,2860,1274,87
8b360e14-f90d-4a34-9a81-cb5a5ac364c1,2022-11-26T19:20:43Z,Falcon 9 Block 5 | Dragon CRS-2 SpX-26,3,121,7458,5856,87
d39b1374-21d3-467a-967d-f22a2cc199e3,2022-11-23T02:57:00Z,Falcon 9 Block 5 | Eutelsat 10B,3,121,7516,5926,80
409f94d5-f3ef-4e33-b639-5c8e66a506fc,2022-11-12T16:06:00Z,Falcon 9 Block 5 | Galaxy 31 & 32,3,121,7548,5975,80
baf2eb66-6cfc-48bb-9ced-85c40218abf1,2022-11-03T05:22:00Z,Falcon 9 Block 5 | Hotbird 13G,3,121,2953,1373,80
aa88b853-9e04-4a28-9433-d87799331b1b,2022-11-01T13:41:00Z,Falcon Heavy | USSF-44,3,121,2220,5869,87
4d3bde71-3ead-4236-af5b-eccfa7549f4f,2022-10-28T01:14:10Z,Falcon 9 Block 5 | Starlink Group 4-31,3,121,7647,6148,16
adcb0090-6f97-40c2-821f-104b5ed3e9c7,2022-10-20T14:50:00Z,Falcon 9 Block 5 | Starlink Group 4-36,3,121,7631,6129,80
13977bd5-45d2-4ed1-9a4a-9fefeee0723a,2022-10-15T05:22:00Z,Falcon 9 Block 5 | Hotbird 13F,3,121,7630,6152,80
03ee73b8-a553-4575-8dfa-d0da4e7939e9,2022-10-08T23:05:00Z,Falcon 9 Block 5 | Galaxy 33 & 34,3,121,7549,5976,80
597cbe7c-4df2-46f2-9234-a3747e0a105b,2022-10-05T23:10:30Z,Falcon 9 Block 5 | Starlink Group 4-29,3,121,7635,6135,16
f33d5ece-e825-4cd8-809f-1d4c72a2e0d3,2022-10-05T16:00:57Z,Falcon 9 Block 5 | Crew-5,3,121,7471,5872,87
1c903b65-6667-4fd5-944d-296c5f13e01f,2022-09-24T23:32:10Z,Falcon 9 Block 5 | Starlink Group 4-35,3,121,7628,6127,80
9ba04064-c329-40bf-b477-ff468d7d8058,2022-09-19T00:18:00Z,Falcon 9 Block 5 | Starlink Group 4-34,3,121,7623,6123,80
992823ad-f843-4a4a-beca-882b8ce8773a,2022-09-11T01:20:00Z,Falcon 9 Block 5 | Starlink Group 4-2 & BlueWalker 3,3,121,7596,6039,87
84bf3b54-96ca-4ac4-bbaf-e25ed03e831c,2022-09-05T02:09:40Z,Falcon 9 Block 5 | Starlink Group 4-20 & Varuna-TDM,3,121,7586,6028,80
576b04d6-1962-4bda-b43f-0da4138d192d,2022-08-31T05:40:10Z,Falcon 9 Block 5 | Starlink Group 3-4,3,121,7619,6117,16
67158b3c-201d-4450-be8a-990010c05b40,2022-08-28T03:41:20Z,Falcon 9 Block 5 | Starlink Group 4-23,3,121,7616,6106,80
4a114237-e8c5-4248-8d30-7a9026b86430,2022-08-19T19:21:20Z,Falcon 9 Block 5 | Starlink Group 4-27,3,121,7617,6107,80
4f2c5733-5019-4f7a-8403-15a1a270bf96,2022-08-12T21:40:20Z,Falcon 9 Block 5 | Starlink Group 3-3,3,121,7613,6100,16
a6b9deb4-f78d-4b57-8e47-98c5aea99d9e,2022-08-10T02:14:00Z,Falcon 9 Block 5 | Starlink Group 4-26,3,121,7580,6022,87
75d7306e-1d76-4c0b-9dc4-98dee7b9af59,2022-08-04T23:08:00Z,Falcon 9 Block 5 | Danuri (KPLO - Korean Pathfinder Lunar Orbiter),3,121,165,6091,80
4ddf282b-94a1-418e-b3f6-7d8e753fdfec,2022-07-24T13:38:00Z,Falcon 9 Block 5 | Starlink Group 4-25,3,121,7581,6023,87
b3d0dafc-9b12-4c35-8ceb-3fa21802236f,2022-07-22T17:39:40Z,Falcon 9 Block 5 | Starlink Group 3-2,3,121,7584,6026,16
84f9bbdd-0e2c-468e-b1d0-73d640745c13,2022-07-17T14:20:00Z,Falcon 9 Block 5 | Starlink Group 4-22,3,121,7582,6024,80
2773613e-58eb-4b99-8120-595c92aa3390,2022-07-15T00:44:20Z,Falcon 9 Block 5 | Dragon CRS-2 SpX-25,3,121,7457,5855,87
051c4c90-a89d-4a86-a77f-c7e22b9cb458,2022-07-11T01:39:40Z,Falcon 9 Block 5 | Starlink Group 3-1,3,121,7585,6027,16
ac4ce8e1-fd76-4654-8809-5500ba792a8a,2022-07-07T13:11:00Z,Falcon 9 Block 5 | Starlink Group 4-21,3,121,7583,6025,80
86a3010e-f8ef-4b64-a029-f4f92829772d,2022-06-29T21:04:00Z,Falcon 9 Block 5 | SES-22,3,121,7559,5983,80
33223258-614c-449c-8af7-a9f75cc036b2,2022-06-19T04:27:00Z,Falcon 9 Block 5 | Globalstar-2 FM15 & USA 328-331,3,121,7602,6085,80
4ca945f6-981f-4ee9-8a79-f1204b785f8c,2022-06-18T14:19:00Z,Falcon 9 Block 5 | SARah 1,3,121,7557,5982,16
179789f0-9380-4182-8ea2-676504c2f890,2022-06-17T16:09:20Z,Falcon 9 Block 5 | Starlink Group 4-19,3,121,7579,6021,87
62fb58f6-1d43-4b24-862f-6ac5bee5f723,2022-06-08T21:04:00Z,Falcon 9 Block 5 | Nilesat-301,3,121,2623,6045,80
949421ac-3802-499b-b383-d8274de7e147,2022-05-25T18:35:00Z,Falcon 9 Block 5 | Transporter 5 (Dedicated SSO Rideshare),3,121,7501,5900,80
27795b91-eb0e-43f1-898b-a23d9ff332db,2022-05-18T10:59:40Z,Falcon 9 Block 5 | Starlink Group 4-18,3,121,7570,6011,87
b418d984-a9d1-4fa3-953d-c684a079714c,2022-05-14T20:40:50Z,Falcon 9 Block 5 | Starlink Group 4-15,3,121,7556,5981,80
0bc91464-1d61-4545-95c8-01040dc5eec9,2022-05-13T22:07:00Z,Falcon 9 Block 5 | Starlink Group 4-13,3,121,7554,5980,16
4f25c927-6a49-4472-814f-4f1a20d93604,2022-05-06T09:42:00Z,Falcon 9 Block 5 | Starlink Group 4-17,3,121,7564,6009,87
b79a9332-4c0c-42a2-a59b-aafcd5d4721d,2022-04-29T21:27:10Z,Falcon 9 Block 5 | Starlink Group 4-16,3,121,7544,5971,80
d786d8fc-862b-45bf-8f7b-9ad862883f67,2022-04-27T07:52:55Z,Falcon 9 Block 5 | Crew-4,3,121,2831,1238,87
2c5447d7-36c5-40fd-88de-47ed6b258bdb,2022-04-21T17:51:40Z,Falcon 9 Block 5 | Starlink Group 4-14,3,121,7543,5970,80
42932355-c450-4250-a885-2d2709fd7cfc,2022-04-17T13:13:12Z,Falcon 9 Block 5 | NROL-85,3,121,2218,5979,16
a3eeb03b-a209-4255-91b5-772dc0d2150e,2022-04-08T15:17:11Z,Falcon 9 Block 5 | Axiom Space Mission 1,3,121,2693,1099,87
335acce9-a35c-436c-9a22-a2505f20957f,2022-04-01T16:24:17Z,Falcon 9 Block 5 | Transporter 4 (Dedicated SSO Rideshare),3,121,7500,5899,80
72188aca-810d-40b9-887d-43040614dd2c,2022-03-19T04:42:30Z,Falcon 9 Block 5 | Starlink Group 4-12,3,121,7535,5959,80
d8c7fbe0-6a32-42dc-8c24-f1c632adc8b5,2022-03-09T13:45:00Z,Falcon 9 Block 5 | Starlink Group 4-10,3,121,2521,5957,80
861795c5-e694-4d3e-b22f-a356a31cd5d8,2022-03-03T14:25:00Z,Falcon 9 Block 5 | Starlink Group 4-9,3,121,2520,5956,87
b7b24770-f9dd-40eb-adad-da95e917e55d,2022-02-25T17:12:10Z,Falcon 9 Block 5 | Starlink Group 4-11,3,121,2801,5955,16
398e713f-5daa-4fb9-a70a-0b8654baf5d1,2022-02-21T14:44:20Z,Falcon 9 Block 5 | Starlink Group 4-8,3,121,7519,5937,80
de39dd1a-0f72-4afd-a6b9-1b848b246071,2022-02-03T18:13:00Z,Falcon 9 Block 5 | Starlink Group 4-7,3,121,7517,5929,87
2e650790-ff3e-434a-b028-a6a1a13cfc94,2022-02-02T20:27:26Z,Falcon 9 Block 5 | NROL-87,3,121,2219,5927,16
23229c2b-abb7-4b94-b624-981a9adc88d2,2022-01-31T23:11:14Z,Falcon 9 Block 5 | CSG-2,3,121,2354,980,80
50ac28f2-024f-442f-837d-dab8107304ec,2022-01-19T02:02:40Z,Falcon 9 Block 5 | Starlink Group 4-6,3,121,7505,5915,87
c660df6f-7e33-4c90-a0f5-b27c8cb4c974,2022-01-13T15:25:39Z,Falcon 9 Block 5 | Transporter 3 (Dedicated SSO Rideshare),3,121,2981,1406,80
3ddb1934-2b57-489b-b5d2-31d4990604eb,2022-01-06T21:49:10Z,Falcon 9 Block 5 | Starlink Group 4-5,3,121,7503,5913,87
878ba32c-5e93-4d2b-95c3-24b60c8b05e7,2021-12-21T10:07:08Z,Falcon 9 Block 5 | Dragon CRS-2 SpX-24,3,121,2889,1306,87
16d0c02e-0bb1-45d5-a3f5-7c4ff6cf6de1,2021-12-19T03:58:39Z,Falcon 9 Block 5 | Türksat 5B,3,121,167,5848,80
0d4b0c0f-3d72-4cb2-b596-dc526ad178a6,2021-12-18T12:41:40Z,Falcon 9 Block 5 | Starlink Group 4-4,3,121,7469,5870,16
dfb2cc3b-8cd8-41b6-a83a-22b2a742ba4b,2021-12-09T06:00:00Z,Falcon 9 Block 5 | X-Ray Polarimetry Explorer (IXPE),3,121,2502,1427,87
56db9abd-41b8-41a3-9d6d-88e52460682b,2021-12-02T23:12:00Z,Falcon 9 Block 5 | Starlink Group 4-3,3,121,7494,5886,80
c4b2f90e-3385-4cbe-a89f-fc5f57da1bfb,2021-11-24T06:21:02Z,Falcon 9 Block 5 | Double Asteroid Redirection Test (DART),3,121,2419,986,16
e4200e5c-2726-43f2-8439-36bd1be59821,2021-11-13T12:19:00Z,Falcon 9 Block 5 | Starlink Group 4-1,3,121,2959,1381,80
0d779392-1a36-4c1e-b0b8-ec11e3031ee6,2021-11-11T02:03:31Z,Falcon 9 Block 5 | Crew-3,3,121,2812,1220,87
621d64e6-0513-45dc-8ffa-c9fd56518398,2021-09-16T00:02:56Z,Falcon 9 Block 5 | Inspiration4,3,121,2825,1232,87
6b9f9fe6-7f94-498b-a664-7c9e42dbe76d,2021-09-14T03:55:00Z,Falcon 9 Block 5 | Starlink Group 2-1,3,121,2958,1380,16
13386512-85bb-4c93-a9b0-f5eac05fbe4f,2021-08-29T07:14:49Z,Falcon 9 Block 5 | Dragon CRS-2 SpX-23,3,121,2887,1303,87
5d248abe-17ef-43ce-9c04-aef33af40520,2021-06-30T19:31:00Z,Falcon 9 Block 5 | Transporter 2 (Dedicated SSO Rideshare),3,121,2843,1372,80
110c808a-a091-47ab-8532-4fa058c1de7a,2021-06-17T16:09:35Z,Falcon 9 Block 5 | GPS III SV05,3,121,155,1370,80
edaf9a8d-d67c-4e0e-8452-a37b111581d5,2021-06-06T04:26:00Z,Falcon 9 Block 5 | Sirius SXM-8,3,121,139,1045,80
89a150ea-6e4b-489f-853c-3603ae684611,2021-06-03T17:29:15Z,Falcon 9 Block 5 | Dragon CRS-2 SpX-22,3,121,2746,1241,87
fb25ecf0-fb51-4b5e-b678-105f6ba4c06e,2021-05-26T18:59:00Z,Falcon 9 Block 5 | Starlink 28,3,121,2885,1301,80
c32d1f5e-2dd9-4b55-ac8b-3eb8c4a4e955,2021-05-15T22:56:00Z,Falcon 9 Block 5 | Starlink 26,3,121,2879,1295,87
e5085f22-208b-4b28-b66c-fd4bd9df90e7,2021-05-09T06:42:00Z,Falcon 9 Block 5 | Starlink 27,3,121,2877,1291,80
73ae8553-cc90-46e9-9a01-70a712493856,2021-05-05T22:24:00Z,Starship SN15 | 10 km Flight,3,121,2852,1266,111
1ecc82c0-c5c8-41f0-aa58-b50a3b839ae0,2021-05-04T19:01:00Z,Falcon 9 Block 5 | Starlink 25,3,121,2872,1285,87
fbd23c86-89d0-4d3f-b5fb-5d7165d05cca,2021-04-29T03:44:00Z,Falcon 9 Block 5 | Starlink 24,3,121,2854,1268,80
32dcb5ad-7609-4fc0-8094-768ee5c2ebe0,2021-04-23T09:49:02Z,Falcon 9 Block 5 | Crew-2,3,121,2732,1137,87
385455f4-067e-4c24-9937-ca8283ed3307,2021-04-07T16:34:00Z,Falcon 9 Block 5 | Starlink 23,3,121,2847,1254,80
fc7a010b-0e88-43cb-8953-9a969c475dd6,2021-03-30T13:00:00Z,Starship SN11 | 10 km Flight,4,121,2845,1252,187
ec03fe36-fe2a-4e43-8e10-d07d5349f1de,2021-03-24T08:28:00Z,Falcon 9 Block 5 | Starlink 22,3,121,2844,1251,80
896d876d-e834-4810-8a5e-44d6b6a42630,2021-03-14T10:01:00Z,Falcon 9 Block 5 | Starlink 21,3,121,2838,1248,87
134eb787-244e-4131-8b03-c9fbd0a11efc,2021-03-11T08:13:00Z,Falcon 9 Block 5 | Starlink 20,3,121,2833,1240,80
dfd4f0e0-0ab4-494d-bd88-1b93b934b269,2021-03-04T08:24:00Z,Falcon 9 Block 5 | Starlink 17,3,121,2820,1229,87
c0ac9a61-5aac-40d7-9919-3c29ea7d4172,2021-03-03T23:15:00Z,Starship SN10 | 10 km Flight,3,121,2832,1239,111
985f1cc1-82c1-4a89-b2cc-e9dc91829a0e,2021-02-16T03:59:00Z,Falcon 9 Block 5 | Starlink 19,3,121,2826,1233,80
f31702e8-6353-4c9a-932c-5bd104717500,2021-02-04T06:19:54Z,Falcon 9 Block 5 | Starlink 18,3,121,2822,1230,80
44670393-85da-4504-99f3-e5b95d71cbb6,2021-02-02T20:25:15Z,Starship SN9 | 10 km Flight,7,121,2815,1224,187
f213a5df-579a-4682-8143-df228e463049,2021-01-24T15:00:00Z,Falcon 9 Block 5 | Transporter 1 (Dedicated SSO Rideshare),3,121,2518,1223,80
74426779-131d-416f-9ff5-dd879e231292,2021-01-20T13:02:00Z,Falcon 9 Block 5 | Starlink 16,3,121,2817,1225,87
d5d607b7-05ed-4142-8703-14b553c195e0,2021-01-08T02:15:00Z,Falcon 9 Block 5 | Türksat 5A,3,121,136,1222,80
528b72ff-e47e-46a3-b7ad-23b2ffcec2f2,2020-12-19T14:00:00Z,Falcon 9 Block 5 | NROL-108,3,121,2795,1195,87
fd63c683-f3e4-465a-8230-b9ba62744c7d,2020-12-13T17:30:00Z,Falcon 9 Block 5 | Sirius SXM-7,3,121,53,1044,80
fdfc71c4-37a7-4d36-a27c-90b132f0e4aa,2020-12-09T22:45:25Z,Starship SN8 | 12.5 km Flight,7,121,2803,1203,111
06dfcb34-0b76-4fbc-9046-09ab66db7b83,2020-12-06T16:17:00Z,Falcon 9 Block 5 | Dragon CRS-2 SpX-21,3,121,2513,1212,87
145b2935-8b72-44b2-8bda-4c27887721fd,2020-11-25T02:13:00Z,Falcon 9 Block 5 | Starlink 15,3,121,2809,1209,80
56623c2d-7174-489c-b0ed-bf6f039b2412,2020-11-21T17:17:00Z,Falcon 9 Block 5 | Sentinel-6 Michael Freilich,3,121,164,910,16
0ede12be-ac6d-4571-9d0c-b2a85b5cf280,2020-11-16T00:27:17Z,Falcon 9 Block 5 | Crew-1,3,121,2166,54,87
23e362ae-8523-4224-9447-d05c4db03b8f,2020-11-05T23:24:23Z,Falcon 9 Block 5 | GPS III SV04,3,121,148,1192,80
47c91a03-2e98-42c9-8751-d8fb36c89c99,2020-10-24T15:31:34Z,Falcon 9 Block 5 | Starlink 14,3,121,2799,1201,80
2b04a116-8460-42f9-8d4b-b65c73ed3e49,2020-10-18T12:25:57Z,Falcon 9 Block 5 | Starlink 13,3,121,2798,1197,87
8cbc59c0-60fb-4b8c-8a11-1edda0a82ab5,2020-10-06T11:29:34Z,Falcon 9 Block 5 | Starlink 12,3,121,2756,1188,87
6ada5478-9522-48ac-ad71-549097340355,2020-09-03T17:48:00Z,Starship SN6 | 150m Hop,3,121,2750,1147,111
82b600f6-6c2d-4694-a263-cec4525714cf,2020-09-03T12:46:00Z,Falcon 9 Block 5 | Starlink 11,3,121,2751,1151,87
98a5da32-4719-495b-9713-fcb5c058f31c,2020-08-30T23:18:00Z,Falcon 9 Block 5 | SAOCOM 1B,3,121,71,1096,80
24b3b696-9253-4088-92f2-c7762f4e0a4c,2020-08-18T14:31:00Z,Falcon 9 Block 5 | Starlink 10,3,121,2744,1143,80
955fe2fa-b4c8-4a17-a22f-3b7aefa44444,2020-08-07T05:12:00Z,Falcon 9 Block 5 | Starlink 9,3,121,2721,1118,87
20e3fd08-b603-4b05-9c61-a4d4c7cf9e82,2020-08-04T23:57:00Z,Starship SN5 | 150m Hop,3,121,2555,1040,111
7e9fd521-c3af-4c55-9873-93bfe9945749,2020-07-20T21:30:00Z,Falcon 9 Block 5 | ANASIS-II,3,121,2479,1004,80
3825c276-87d9-4a4b-8128-b5abbb83d45a,2020-06-30T20:10:46Z,Falcon 9 Block 5 | GPS III SV03,3,121,94,1029,80
f0f2d68e-85b4-4051-9554-bb98b6148860,2020-06-13T09:21:00Z,Falcon 9 Block 5 | Starlink 8,3,121,2713,1115,80
51dcfdc7-6dc8-42e3-8480-b41f24d874e3,2020-06-04T01:25:00Z,Falcon 9 Block 5 | Starlink 7,3,121,2706,1112,80
e71d3b58-dede-43f3-ac73-cc2de9a307ad,2020-05-30T19:22:45Z,Falcon 9 Block 5 | SpX-DM2 (Demonstration Mission 2),3,121,96,1051,87
f10b74d3-149a-46cb-b815-002f4bc0e7d1,2020-04-22T19:30:00Z,Falcon 9 Block 5 | Starlink 6,3,121,2698,1108,87
fbf1234b-50ab-4414-92f9-1b53dad65d05,2020-03-18T12:16:39Z,Falcon 9 Block 5 | Starlink 5,3,121,2621,1092,87
e7f4d577-40dc-44a4-81a7-d1ae42244d45,2020-03-07T04:50:31Z,Falcon 9 Block 5 | SpX CRS-20,3,121,142,1090,80
93750120-d8ac-4ccf-ac7a-7e1cfa39c775,2020-02-17T15:05:55Z,Falcon 9 Block 5 | Starlink 4,3,121,2608,1076,80
76b54190-738f-4528-bf1f-ca4c8b14d07b,2020-01-29T14:06:00Z,Falcon 9 Block 5 | Starlink 3,3,121,2595,1075,80
41495097-341b-4ec5-b7e5-a450cf45fc23,2020-01-19T15:30:00Z,Falcon 9 Block 5 | Dragon In-Flight Abort Test,3,121,2409,983,87
a2851487-eb93-4a98-98a5-a130ed57937a,2020-01-07T02:19:00Z,Falcon 9 Block 5 | Starlink 2,3,121,2517,1028,80
5e63ba5c-92f9-4f30-b5d1-691748c2efa3,2019-12-17T00:10:00Z,Falcon 9 Block 5 | JCSAT-18/KACIFIC-1,3,121,69,1068,80
4425a1b9-1c3d-4100-99f4-c0934264fc56,2019-12-05T17:29:24Z,Falcon 9 Block 5 | SpX CRS-19,3,121,121,1011,80
501900f6-ede7-486d-bf13-cbc28fde93c3,2019-11-11T14:56:00Z,Falcon 9 Block 5 | Starlink 1,3,121,2516,1027,80
0389266e-e523-4a18-a320-ed746a5a315b,2019-08-27T22:02:00Z,Starship Hopper | 150m Hop,3,121,2748,1146,111
68ecf878-2491-4209-95fe-54f74fb163aa,2019-08-06T23:23:00Z,Falcon 9 Block 5 | Amos-17,3,121,99,978,80
eae177d1-3de8-4a21-ad79-fe21afac4f04,2019-07-26T03:45:00Z,Starship Hopper | 20m Hop,3,121,2747,1145,111
28a5a464-2b2f-4b2e-b0e3-c704af99888b,2019-07-25T22:01:56Z,Falcon 9 Block 5 | SpX CRS-18,3,121,105,1010,80
0a0a1326-c772-4027-8dc2-365b716f6691,2019-06-25T06:30:00Z,Falcon Heavy | STP-2,3,121,88,738,87
b347b02e-18b4-4e55-ac9e-6bebecbc6858,2019-06-12T14:17:00Z,Falcon 9 Block 5 | RADARSAT Constellation,3,121,20,988,16
267f232e-f34a-4c79-ac56-b00cf69dd32d,2019-05-24T02:30:00Z,Falcon 9 Block 5 | Starlink Demo (0.9),3,121,2227,993,80
de607493-4c2d-458e-9797-097732027ece,2019-05-04T06:48:58Z,Falcon 9 Block 5 | SpX CRS-17,3,121,87,987,80
ed90f149-7762-4f9b-a878-90618db057e7,2019-04-11T22:35:00Z,Falcon Heavy | Arabsat-6A,3,121,30,977,87
d889debc-b3d5-4472-a3eb-cf8a90d6ade0,2019-03-02T07:49:00Z,Falcon 9 Block 5 | SpX-DM1 (Demonstration Mission 1),3,121,31,963,87
e5bd8f98-cf17-4563-8c2f-9063c803663d,2019-02-22T01:45:00Z,Falcon 9 Block 5 | Nusantara Satu & GTO-1 (Beresheet; S5),3,121,76,655,80
b6e25a46-8461-40d9-ad81-fe24e52d1173,2019-01-11T15:31:33Z,Falcon 9 Block 5 | Iridium-8,3,121,21,739,16
3a4faa1b-9aa3-4844-b518-ef8f83ff6ddd,2018-12-23T13:51:00Z,Falcon 9 Block 5 | GPS III SV01,3,121,48,902,80
34d6609f-7235-493d-a80b-dcf59b278a4e,2018-12-05T18:16:16Z,Falcon 9 Block 5 | SpX CRS-16,3,121,29,710,80
90eb3d56-c719-4228-b136-d1465dda2424,2018-12-03T18:34:05Z,Falcon 9 Block 5 | Spaceflight SSO-A,3,121,27,719,16
1f252074-9350-4ba7-8b06-4df4b4743ef8,2018-11-15T20:46:00Z,Falcon 9 Block 5 | Es'hail 2,3,121,22,735,87
b0b300ee-6d5c-40a3-b791-84b0712ca9a9,2018-10-08T02:21:00Z,Falcon 9 Block 5 | SAOCOM 1A,3,121,11,134,16
a7e8ed2a-49c0-49b4-8ed8-d567e32bf98a,2018-09-10T04:45:00Z,Falcon 9 Block 5 | Telstar 18 VANTAGE,3,121,2126,517,80
76191cb9-a7f9-4592-886d-c51a06f32507,2018-08-07T05:18:00Z,Falcon 9 Block 5 | Merah Putih (Telkom-4),3,121,2122,665,80
143b7f89-c64b-44ba-b8f3-f40ba8ad068c,2018-07-25T11:39:30Z,Falcon 9 Block 5 | Iridium-7,3,121,2119,459,16
0ea374f1-ac04-435d-bd6b-6d7e8d24760d,2018-07-22T05:50:00Z,Falcon 9 Block 5 | Telstar 19 VANTAGE,3,121,2117,512,80
9961a642-0d04-44bd-850a-3f8299ef4d82,2018-06-29T09:42:41Z,Falcon 9 Block 4 | SpX CRS-15,3,121,2113,500,80
3693d46b-1e71-4fd8-bde2-dda188448a93,2018-06-04T04:45:00Z,Falcon 9 Block 4 | SES-12,3,121,2107,495,80
cdfd242c-c01b-48b1-9fae-4b78d6ee449e,2018-05-22T19:47:58Z,Falcon 9 Block 4 | Iridium-6 & GRACE-FO,3,121,2105,458,16
38ef9c7a-7d5a-4d25-b184-70c391b516ca,2018-05-11T20:14:00Z,Falcon 9 Block 5 | Bangabandhu-1,3,121,2102,478,87
ca4e796d-f3e4-4b80-b2f7-f7fd6a7b325f,2018-04-18T22:51:30Z,Falcon 9 Block 4 | TESS (Transiting Exoplanet Survey Satellite),3,121,2096,510,80
161dee30-0b58-4eec-83e4-b4142914b7c1,2018-04-02T20:30:38Z,Falcon 9 Block 4 | SpX CRS-14,3,121,2091,494,80
7fddc602-099a-4bcf-a110-8bf0c836949a,2018-03-30T14:13:51Z,Falcon 9 Block 4 | Iridium-5,3,121,2089,456,16
067aaad8-bafd-4c31-924c-dc18fb0bd4cc,2018-03-06T05:33:00Z,Falcon 9 Block 4 | Hispasat 30W-6 (Hispasat 1F),3,121,2082,466,80
e443b805-1d5c-4491-b053-e03cd588611e,2018-02-22T14:17:00Z,Falcon 9 Full Thrust | PAZ & Microsat-2a; Microsat-2b,3,121,2079,302,16
598af929-31d4-4544-ad77-e0b6f9c8f460,2018-02-06T20:45:00Z,Falcon Heavy | Demo (Test Flight),3,121,2076,490,87
dc007d6f-0e07-4900-be31-76c6f3d74b61,2018-01-31T21:25:00Z,Falcon 9 Full Thrust | GovSat (SES-16),3,121,2072,445,80
2cf36ccb-c757-4951-aaaa-a35605ddb56f,2018-01-08T01:00:00Z,Falcon 9 Block 4 | Zuma,3,121,2061,474,80
dd92253d-5efb-426e-b6ba-bb934a4a7851,2017-12-23T01:27:34Z,Falcon 9 Full Thrust | Iridium-4,3,121,2057,444,16
c63b742b-844f-40dc-af9b-fbd946dcf214,2017-12-15T15:36:09Z,Falcon 9 Full Thrust | SpX CRS-13,3,121,2054,401,80
cf40e58a-f301-4ecf-a8a0-7e6657a0319c,2017-10-30T19:34:00Z,Falcon 9 Block 4 | Koreasat 5A,3,121,2041,236,87
b18c9845-9e0a-4dab-9d2b-765886503877,2017-10-11T22:53:00Z,Falcon 9 Full Thrust | Echostar 105/SES-11,3,121,2037,243,87
b8800f25-3b09-48de-895d-ec2fb7981c0f,2017-10-09T12:37:01Z,Falcon 9 Block 4 | Iridium-3,3,121,2035,443,16
82995933-e6fd-4de8-8785-5d98c9feddbe,2017-09-07T14:00:00Z,Falcon 9 Block 4 | OTV-5 (X-37B),3,121,2027,439,87
f9779d72-915c-42f0-b331-a13c8075f19d,2017-08-24T18:51:00Z,Falcon 9 Full Thrust | Formosat 5,3,121,2024,132,16
8802f398-44b6-4b3c-a2e1-af73cbe9d44e,2017-08-14T16:31:37Z,Falcon 9 Block 4 | SpX CRS-12,3,121,2020,390,87
fe77ab35-1131-42ef-b9e4-1d876471e86d,2017-07-05T23:38:00Z,Falcon 9 Full Thrust | Intelsat 35e,3,121,2016,388,87
eb953c99-1267-4892-85b2-51a4f22cbb08,2017-06-25T20:25:18Z,Falcon 9 Full Thrust | Iridium-2,3,121,2014,131,16
b600cba0-29f6-4ef4-b3f5-039c287bc63b,2017-06-23T19:10:00Z,Falcon 9 Full Thrust | BulgariaSat-1,3,121,2013,421,87
54f5fb21-1b92-4f6e-9220-7edc5f7dfb06,2017-06-03T21:07:38Z,Falcon 9 Full Thrust | SpX CRS-11,3,121,2005,397,87
50da4982-75d1-4608-aa73-26a2675b3fae,2017-05-15T23:21:00Z,Falcon 9 Full Thrust | Inmarsat-5 F4,3,121,2000,449,87
df8a584b-3ca5-43ca-86b8-6cbd0c66b5ac,2017-05-01T11:15:00Z,Falcon 9 Full Thrust | NROL-76,3,121,1998,169,87
8690c683-f109-4642-a860-f23ffcff60a9,2017-03-30T22:27:00Z,Falcon 9 Full Thrust | SES-10,3,121,1993,584,87
a9908568-9a9a-4e40-bd8f-52c1c52d7444,2017-03-16T06:00:00Z,Falcon 9 Full Thrust | Echostar 23,3,121,1990,250,87
35e3bff1-a9f4-40de-b4e0-8dad8e131768,2017-02-19T14:39:00Z,Falcon 9 Full Thrust | SpX CRS-10,3,121,1986,123,87
908879a4-f0da-4843-bd35-04eadd1dfb93,2017-01-14T17:54:34Z,Falcon 9 Full Thrust | Iridium-1,3,121,1980,130,16
3622669f-6e06-467a-86f3-47b56b1114c1,2016-09-03T07:00:00Z,Falcon 9 Full Thrust | Amos 6 (Failure before launch),4,121,1950,112,80
42af1017-49f4-41ec-97d6-0c3520643fc8,2016-08-14T05:26:00Z,Falcon 9 Full Thrust | JCSAT-16,3,121,1946,212,80
74eb8c19-cb07-4674-8a0f-9090f952024a,2016-07-18T04:45:00Z,Falcon 9 Full Thrust | SpX CRS-9,3,121,1942,111,80
8717277d-416b-4ed8-bb4e-95d2ba9da31d,2016-06-15T14:29:00Z,Falcon 9 Full Thrust | Eutelsat 117 West B & ABS-2A,3,121,1935,316,80
1af4fa39-c4d2-4e30-8b2a-70e9f94ac8a9,2016-05-27T21:39:00Z,Falcon 9 Full Thrust | Thaicom 8,3,121,1928,164,80
c1f172a5-85a2-4fb1-96b4-b05267f62d85,2016-05-06T05:21:00Z,Falcon 9 Full Thrust | JCSAT-14,3,121,1925,119,80
d47b8475-1175-479e-99b4-c86d535558e1,2016-04-08T20:43:32Z,Falcon 9 Full Thrust | SpX CRS-8,3,121,1921,118,80
b69f83d9-5d6f-4dfa-8d2a-e1759448a3b1,2016-03-04T23:35:00Z,Falcon 9 Full Thrust | SES-9,3,121,1911,819,80
de278bee-4f84-4418-a3f3-4d5b969a363f,2016-01-17T18:42:18Z,Falcon 9 v1.1 | Jason-3,3,121,1901,84,16
7cea85fa-b373-4896-83ae-2629f4030806,2015-12-22T01:29:00Z,Falcon 9 Full Thrust | Orbcomm OG2 Mission 2,3,121,1897,97,80
16aae09d-229e-4b9e-876c-6ac31ef5678f,2015-06-28T14:21:11Z,Falcon 9 v1.1 | SpX CRS-7,4,121,1850,848,80
7be4031b-7d5b-4b07-b617-bc3adca4b3fc,2015-04-27T23:03:00Z,Falcon 9 v1.1 | TürkmenÄlem 52E/MonacoSAT,3,121,1842,702,80
db2dfb3b-e744-42ac-9cd8-ed936ad9a882,2015-04-14T20:10:41Z,Falcon 9 v1.1 | SpX CRS-6,3,121,1841,698,80
bfc70e01-0b61-43bf-871a-a19342442166,2015-03-02T03:50:00Z,Falcon 9 v1.1 | Eutelsat 115 West B & ABS-3A,3,121,1830,10,80
d8dd15a0-166e-4a97-b8a0-b8289bf5f500,2015-02-11T23:03:32Z,Falcon 9 | DSCOVR,3,121,1827,68,80
5c333099-5adc-4f60-9439-08374aa76fd0,2015-01-10T09:47:10Z,Falcon 9 v1.1 | SpX CRS-5,3,121,1820,69,80
3833e794-3d71-4a77-bd83-19abb3e74400,2014-09-21T05:52:03Z,Falcon 9 v1.1 | SpX CRS-4,3,121,1785,60,80
9086c318-6840-4efa-837a-2e2a414366e7,2014-09-07T05:00:00Z,Falcon 9 v1.1 | AsiaSat 6,3,121,1782,58,80
49980d63-4721-429d-a6e5-957a0180b637,2014-08-05T08:00:00Z,Falcon 9 v1.1 | Asiasat 8,3,121,1776,694,80
ae212477-dece-457e-9e6c-6abc8cf45ae7,2014-07-14T15:15:00Z,Falcon 9 v1.1 | Orbcomm OG2 Mission 1,3,121,1771,32,80
bb8ab96d-9325-4099-8d9e-bdb388255b85,2014-04-18T19:25:22Z,Falcon 9 v1.1 | SpX CRS-3,3,121,1752,44,80
5a1f68d5-dd06-47d0-bc53-001c516794ed,2014-01-06T22:06:00Z,Falcon 9 v1.1 | Thaicom-6,3,121,1733,808,80
e2431691-6019-43c3-a2a7-fc46865fef35,2013-12-03T21:41:00Z,Falcon 9 v1.1 | SES-8,3,121,1723,8,80
e12d20b3-8b5c-4dcf-a635-f6106ee784bc,2013-09-29T16:00:00Z,Falcon 9 v1.1 | CASSIOPE,3,121,1707,16,16
6c70bbf3-cbf2-4a4f-8eda-500c230707f0,2013-03-01T15:10:13Z,Falcon 9 v1.0 | SpX CRS-2,3,121,1664,480,80
0f2d170a-6639-453a-bf2a-27b53954aeac,2012-10-08T00:35:07Z,Falcon 9 v1.0 | SpX CRS-1,7,121,1635,19,80
ef3b84de-7f1e-4b44-8263-4145f771bfb2,2012-05-22T07:44:38Z,Falcon 9 v1.0 | SpaceX COTS Demo Flight 2,3,121,1610,412,80
04106da6-a43c-4fcf-9cae-4e97dfb37345,2010-12-08T15:43:00Z,Falcon 9 v1.0 | SpaceX COTS Demo Flight 1,3,121,1501,409,80
2ead3d70-ac04-40ee-b4a6-dfecfe519ee5,2010-06-04T18:45:00Z,Falcon 9 v1.0 | Dragon Spacecraft Qualification Unit (DSQU),3,121,1463,441,80
10be093a-ad74-46e6-a26c-37626e6d72b7,2009-07-14T03:35:00Z,Falcon 1 | RazakSAT,3,121,1421,,107
0560cfb0-ed19-4e8b-9fe9-728feb0f817c,2008-09-28T23:15:00Z,Falcon 1 | RatSat,3,121,1400,,107
cdeb321f-0860-4064-ba76-4ad0f9022103,2008-08-03T03:34:00Z,Falcon 1 | Flight 3,4,121,1398,,107
9a50023f-07fe-45ac-9ac6-7fb6b5ea970d,2007-03-21T01:10:00Z,Falcon 1 | DemoSat,4,121,535,,107
b8741d6a-bf47-44eb-b740-f091b5fd3c62,2006-03-24T22:30:00Z,Falcon 1 | FalconSAT-2,4,121,519,,107
